Date,Close_left,Close_right
2010-06-28,17.0,3.33
2010-06-29,23.89,3.3
2010-06-30,23.83,3.11
2010-07-01,21.96,3.05
2010-07-02,19.2,3.02
2010-07-06,16.11,3.14
2010-07-07,15.8,3.12
2010-07-08,17.46,2.96
2010-07-09,17.4,2.96
2010-07-12,17.05,3.04
2010-07-13,18.14,3.44
2010-07-14,19.84,3.6
2010-07-15,19.89,3.76
2010-07-16,20.64,3.76
2010-07-19,21.91,3.51
2010-07-20,20.3,3.44
2010-07-21,20.22,3.23
2010-07-22,21.0,3.36
2010-07-23,21.29,3.48
2010-07-26,20.95,3.63
2010-07-27,20.55,3.58
2010-07-28,20.72,3.59
2010-07-29,20.35,3.58
2010-07-30,19.94,3.45
2010-08-02,20.92,3.43
2010-08-03,21.95,3.37
2010-08-04,21.26,3.34
2010-08-05,20.45,3.34
2010-08-06,19.59,3.39
2010-08-09,19.6,3.34
2010-08-10,19.03,3.28
2010-08-11,17.9,3.44
2010-08-12,17.6,3.53
2010-08-13,18.32,3.64
2010-08-16,18.78,3.87
2010-08-17,19.15,4.04
2010-08-18,18.77,4.04
2010-08-19,18.79,4.02
2010-08-20,19.1,3.98
2010-08-23,20.13,3.8
2010-08-24,19.2,3.4
2010-08-25,19.9,3.39
2010-08-26,19.75,3.42
2010-08-27,19.7,3.67
2010-08-30,19.87,3.68
2010-08-31,19.48,3.8
2010-09-01,20.45,3.79
2010-09-02,21.06,3.71
2010-09-03,21.05,3.67
2010-09-07,20.54,3.53
2010-09-08,20.9,3.61
2010-09-09,20.71,3.61
2010-09-10,20.17,3.6
2010-09-13,20.72,3.62
2010-09-14,21.12,3.55
2010-09-15,21.98,3.56
2010-09-16,20.94,3.55
2010-09-17,20.23,3.74
2010-09-20,21.05,3.56
2010-09-21,20.77,3.75
2010-09-22,19.87,3.6
2010-09-23,19.56,3.62
2010-09-24,20.1,3.65
2010-09-27,20.53,3.8
2010-09-28,21.4,3.71
2010-09-29,21.98,3.67
2010-09-30,20.41,3.73
2010-10-01,20.6,3.71
2010-10-04,20.99,3.77
2010-10-05,21.12,3.87
2010-10-06,20.46,3.92
2010-10-07,20.43,3.93
2010-10-08,20.43,3.86
2010-10-11,20.24,3.88
2010-10-12,20.24,3.93
2010-10-13,20.54,3.81
2010-10-14,20.75,3.8
2010-10-15,20.54,3.93
2010-10-18,20.23,3.84
2010-10-19,20.05,3.95
2010-10-20,20.65,3.9
2010-10-21,20.75,3.87
2010-10-22,20.72,3.9
2010-10-25,20.85,3.94
2010-10-26,21.36,3.95
2010-10-27,21.0,3.78
2010-10-28,21.19,3.73
2010-10-29,21.84,3.8
2010-11-01,21.41,3.89
2010-11-02,21.25,3.62
2010-11-03,21.77,3.7
2010-11-04,24.9,3.56
2010-11-05,24.44,3.55
2010-11-08,24.98,3.5
2010-11-09,24.63,3.51
2010-11-10,29.36,3.5
2010-11-11,28.04,3.53
2010-11-12,29.84,3.45
2010-11-15,30.8,3.56
2010-11-16,29.67,3.55
2010-11-17,29.49,3.53
2010-11-18,29.89,3.46
2010-11-19,30.99,3.51
2010-11-22,33.4,3.5
2010-11-23,34.57,3.57
2010-11-24,35.47,3.82
2010-11-26,35.32,3.81
2010-11-29,34.33,3.81
2010-11-30,35.33,3.9
2010-12-01,34.35,3.75
2010-12-02,32.35,3.7
2010-12-03,31.49,3.55
2010-12-06,30.31,3.64
2010-12-07,31.56,3.6
2010-12-08,32.37,3.59
2010-12-09,32.05,3.63
2010-12-10,31.52,3.56
2010-12-13,30.55,3.27
2010-12-14,28.53,3.36
2010-12-15,29.6,3.43
2010-12-16,30.81,3.62
2010-12-17,31.36,3.63
2010-12-20,31.7,3.53
2010-12-21,32.26,3.38
2010-12-22,32.63,3.36
2010-12-23,30.09,3.18
2010-12-27,25.55,3.13
2010-12-28,26.41,3.06
2010-12-29,27.73,3.14
2010-12-30,26.5,3.18
2010-12-31,26.63,3.22
2011-01-03,26.62,3.08
2011-01-04,26.67,3.1
2011-01-05,26.83,3.32
2011-01-06,27.88,3.2
2011-01-07,28.24,3.11
2011-01-10,28.45,3.18
2011-01-11,26.96,3.32
2011-01-12,26.96,3.65
2011-01-13,26.22,3.68
2011-01-14,25.75,3.68
2011-01-18,25.64,3.53
2011-01-19,24.03,3.42
2011-01-20,22.62,3.38
2011-01-21,23.04,3.45
2011-01-24,24.49,3.61
2011-01-25,24.68,3.52
2011-01-26,24.75,3.41
2011-01-27,24.92,3.4
2011-01-28,24.01,3.39
2011-01-31,24.1,3.42
2011-02-01,23.91,3.53
2011-02-02,23.94,3.51
2011-02-03,23.63,3.5
2011-02-04,23.46,3.59
2011-02-07,23.07,3.54
2011-02-08,24.49,3.59
2011-02-09,23.21,3.53
2011-02-10,23.21,3.51
2011-02-11,23.25,3.6
2011-02-14,23.08,3.6
2011-02-15,22.84,3.63
2011-02-16,24.73,3.75
2011-02-18,23.18,3.6
2011-02-22,21.87,3.59
2011-02-23,21.83,3.42
2011-02-24,22.53,3.55
2011-02-25,23.61,3.64
2011-02-28,23.89,3.67
2011-03-01,23.94,3.62
2011-03-02,24.02,3.69
2011-03-03,24.36,3.67
2011-03-04,24.95,3.88
2011-03-07,24.94,3.73
2011-03-08,24.66,3.74
2011-03-09,24.72,3.73
2011-03-10,24.01,3.72
2011-03-11,24.07,3.75
2011-03-14,23.25,3.72
2011-03-15,22.95,3.78
2011-03-16,22.82,3.76
2011-03-17,22.81,3.89
2011-03-18,22.96,3.94
2011-03-21,22.73,4.06
2011-03-22,22.19,3.99
2011-03-23,22.21,3.95
2011-03-24,22.33,3.93
2011-03-25,22.75,3.91
2011-03-28,23.25,3.9
2011-03-29,23.92,3.88
2011-03-30,23.71,3.85
2011-03-31,27.75,3.91
2011-04-01,26.66,3.91
2011-04-04,25.83,3.95
2011-04-05,26.7,3.99
2011-04-06,26.49,3.96
2011-04-07,27.24,4.01
2011-04-08,26.49,4.09
2011-04-11,25.27,4.06
2011-04-12,24.65,4.1
2011-04-13,24.93,4.12
2011-04-14,25.14,4.24
2011-04-15,25.58,4.22
2011-04-18,25.03,4.03
2011-04-19,25.16,4.23
2011-04-20,25.75,4.11
2011-04-21,26.74,4.14
2011-04-25,26.39,4.22
2011-04-26,26.93,4.4
2011-04-27,27.08,4.49
2011-04-28,27.66,4.28
2011-04-29,27.6,4.42
2011-05-02,27.45,4.33
2011-05-03,26.87,4.4
2011-05-04,26.69,4.28
2011-05-05,26.44,4.34
2011-05-06,27.12,4.13
2011-05-09,27.91,3.96
2011-05-10,28.33,3.96
2011-05-11,27.07,3.99
2011-05-12,27.67,3.66
2011-05-13,27.55,3.75
2011-05-16,26.6,3.53
2011-05-17,25.96,3.57
2011-05-18,26.35,3.54
2011-05-19,28.2,3.58
2011-05-20,27.97,3.58
2011-05-23,26.82,3.52
2011-05-24,26.72,3.5
2011-05-25,28.98,3.43
2011-05-26,29.48,3.44
2011-05-27,29.55,3.39
2011-05-31,30.14,3.45
2011-06-01,28.52,3.65
2011-06-02,28.76,3.57
2011-06-03,30.13,3.51
2011-06-06,28.7,3.32
2011-06-07,28.37,3.25
2011-06-08,27.12,3.1
2011-06-09,27.62,3.17
2011-06-10,27.86,3.15
2011-06-13,28.43,3.0
2011-06-14,28.6,3.08
2011-06-15,27.32,2.99
2011-06-16,26.5,3.06
2011-06-17,26.5,3.1
2011-06-20,26.01,2.95
2011-06-21,27.53,3.0
2011-06-22,27.21,2.79
2011-06-23,27.71,2.86
2011-06-24,27.57,2.62
2011-06-27,27.46,2.62
2011-06-28,28.11,2.6
2011-06-29,28.29,2.62
2011-06-30,29.13,2.66
2011-07-01,29.02,2.74
2011-07-05,29.14,2.82
2011-07-06,28.96,2.93
2011-07-07,29.73,2.92
2011-07-08,28.81,3.05
2011-07-11,28.35,2.9
2011-07-12,28.17,3.02
2011-07-13,28.64,3.0
2011-07-14,27.61,2.99
2011-07-15,27.58,2.95
2011-07-18,27.23,2.99
2011-07-19,27.89,2.96
2011-07-20,28.69,2.96
2011-07-21,28.7,2.92
2011-07-22,29.29,2.87
2011-07-25,28.49,2.85
2011-07-26,28.0,2.83
2011-07-27,27.64,2.72
2011-07-28,28.17,2.76
2011-07-29,28.17,2.67
2011-08-01,28.77,3.03
2011-08-02,27.34,2.63
2011-08-03,27.2,2.65
2011-08-04,24.75,2.74
2011-08-05,24.24,2.71
2011-08-08,23.64,2.01
2011-08-09,25.06,2.96
2011-08-10,23.82,2.73
2011-08-11,25.3,2.73
2011-08-12,26.31,2.78
2011-08-15,26.23,2.73
2011-08-16,26.1,2.68
2011-08-17,25.83,2.65
2011-08-18,24.26,2.7
2011-08-19,22.3,2.68
2011-08-22,21.95,2.84
2011-08-23,22.96,2.66
2011-08-24,23.87,2.67
2011-08-25,23.11,2.65
2011-08-26,23.73,2.66
2011-08-29,24.71,2.7
2011-08-30,24.63,2.69
2011-08-31,24.74,2.64
2011-09-01,24.0,2.62
2011-09-02,23.07,2.7
2011-09-06,22.94,2.7
2011-09-07,23.84,2.7
2011-09-08,23.61,2.7
2011-09-09,22.97,2.7
2011-09-12,22.88,2.5
2011-09-13,24.08,2.56
2011-09-14,24.34,2.54
2011-09-15,24.82,2.58
2011-09-16,25.8,2.7
2011-09-19,25.77,2.58
2011-09-20,26.01,2.55
2011-09-21,25.85,2.51
2011-09-22,25.63,2.26
2011-09-23,26.38,2.37
2011-09-26,25.52,2.33
2011-09-27,26.19,2.37
2011-09-28,24.59,2.26
2011-09-29,24.12,2.19
2011-09-30,24.39,2.25
2011-10-03,23.73,2.06
2011-10-04,23.66,1.91
2011-10-05,25.37,1.99
2011-10-06,26.96,2.04
2011-10-07,26.99,2.04
2011-10-10,27.88,2.04
2011-10-11,27.61,2.03
2011-10-12,27.8,2.05
2011-10-13,27.94,2.12
2011-10-14,28.05,2.05
2011-10-17,27.42,2.05
2011-10-18,28.34,2.09
2011-10-19,27.57,2.06
2011-10-20,27.34,2.04
2011-10-21,28.03,2.15
2011-10-24,28.55,2.15
2011-10-25,28.25,2.05
2011-10-26,27.98,2.07
2011-10-27,28.76,2.11
2011-10-28,29.87,2.1
2011-10-31,29.37,2.02
2011-11-01,28.88,2.01
2011-11-02,28.71,2.08
2011-11-03,32.46,2.05
2011-11-04,32.31,2.02
2011-11-07,31.27,2.02
2011-11-08,31.84,2.06
2011-11-09,30.88,2.0
2011-11-10,31.33,1.96
2011-11-11,33.64,1.98
2011-11-14,33.22,1.81
2011-11-15,33.93,1.76
2011-11-16,34.94,1.8
2011-11-17,33.68,1.77
2011-11-18,32.6,1.78
2011-11-21,31.76,1.81
2011-11-22,32.07,1.75
2011-11-23,31.45,1.78
2011-11-25,31.66,1.72
2011-11-28,32.56,1.65
2011-11-29,31.75,1.8
2011-11-30,32.74,1.62
2011-12-01,32.6,1.64
2011-12-02,33.3,1.67
2011-12-05,34.42,1.65
2011-12-06,34.87,1.7
2011-12-07,34.19,1.63
2011-12-08,30.89,1.63
2011-12-09,31.04,1.7
2011-12-12,30.41,1.6
2011-12-13,29.45,1.65
2011-12-14,28.53,1.62
2011-12-15,28.62,1.61
2011-12-16,28.0,1.61
2011-12-19,27.75,1.65
2011-12-20,27.9,1.61
2011-12-21,27.57,1.63
2011-12-22,27.77,1.7
2011-12-23,27.9,1.65
2011-12-27,28.57,1.6
2011-12-28,28.51,1.65
2011-12-29,28.73,1.7
2011-12-30,28.56,1.67
2012-01-03,28.08,1.67
2012-01-04,27.71,1.66
2012-01-05,27.12,1.67
2012-01-06,26.91,1.67
2012-01-09,27.25,1.75
2012-01-10,27.62,1.77
2012-01-11,28.23,1.9
2012-01-12,28.25,2.02
2012-01-13,22.79,1.93
2012-01-17,26.6,1.86
2012-01-18,26.81,1.9
2012-01-19,26.76,1.9
2012-01-20,26.6,1.99
2012-01-23,26.77,1.99
2012-01-24,27.42,1.97
2012-01-25,27.97,1.97
2012-01-26,28.94,1.97
2012-01-27,29.33,1.93
2012-01-30,29.57,1.95
2012-01-31,29.07,1.95
2012-02-01,29.58,1.96
2012-02-02,30.25,1.93
2012-02-03,31.15,2.01
2012-02-06,31.8,2.06
2012-02-07,31.6,2.05
2012-02-08,31.93,2.1
2012-02-09,32.58,2.11
2012-02-10,31.1,2.03
2012-02-13,31.49,2.05
2012-02-14,33.17,2.06
2012-02-15,33.6,2.03
2012-02-16,34.19,2.14
2012-02-17,34.97,2.2
2012-02-21,34.5,2.25
2012-02-22,34.22,2.94
2012-02-23,34.53,2.53
2012-02-24,33.75,2.53
2012-02-27,33.62,2.26
2012-02-28,33.81,2.36
2012-02-29,33.41,2.89
2012-03-01,34.41,2.98
2012-03-02,34.04,2.93
2012-03-05,33.77,2.9
2012-03-06,33.11,2.98
2012-03-07,33.12,2.96
2012-03-08,33.07,2.89
2012-03-09,34.74,2.87
2012-03-12,36.01,2.9
2012-03-13,36.09,2.82
2012-03-14,35.29,2.84
2012-03-15,35.0,2.84
2012-03-16,35.32,2.85
2012-03-19,34.98,2.78
2012-03-20,34.96,2.67
2012-03-21,35.15,2.61
2012-03-22,34.4,2.47
2012-03-23,34.08,2.47
2012-03-26,37.4,2.46
2012-03-27,37.94,2.4
2012-03-28,37.85,2.37
2012-03-29,37.33,2.35
2012-03-30,37.24,2.37
2012-04-02,36.58,2.36
2012-04-03,38.01,2.35
2012-04-04,35.0,2.3
2012-04-05,34.71,2.18
2012-04-09,33.15,2.11
2012-04-10,32.46,2.07
2012-04-11,33.09,2.19
2012-04-12,33.44,2.35
2012-04-13,33.59,2.5
2012-04-16,32.25,2.41
2012-04-17,32.24,2.21
2012-04-18,32.66,2.31
2012-04-19,33.16,2.35
2012-04-20,33.16,2.41
2012-04-23,31.94,2.3
2012-04-24,31.82,2.35
2012-04-25,32.91,2.22
2012-04-26,33.49,2.33
2012-04-27,33.34,2.3
2012-04-30,33.13,2.29
2012-05-01,33.78,2.23
2012-05-02,33.94,2.2
2012-05-03,32.46,2.2
2012-05-04,31.83,2.2
2012-05-07,32.47,2.15
2012-05-08,30.19,2.24
2012-05-09,30.06,2.21
2012-05-10,32.96,2.15
2012-05-11,32.25,2.07
2012-05-14,30.06,1.94
2012-05-15,29.43,1.98
2012-05-16,29.18,1.87
2012-05-17,28.57,1.85
2012-05-18,27.56,1.68
2012-05-21,28.77,1.72
2012-05-22,30.79,1.82
2012-05-23,31.02,1.91
2012-05-24,30.32,2.15
2012-05-25,29.81,2.11
2012-05-29,31.69,2.24
2012-05-30,30.41,2.22
2012-05-31,29.5,2.14
2012-06-01,28.15,2.03
2012-06-04,27.88,1.92
2012-06-05,27.91,1.91
2012-06-06,29.15,2.0
2012-06-07,28.93,1.93
2012-06-08,30.08,1.9
2012-06-11,29.12,1.96
2012-06-12,29.66,1.85
2012-06-13,29.77,1.85
2012-06-14,29.39,1.86
2012-06-15,29.91,1.85
2012-06-18,31.84,1.8
2012-06-19,32.09,1.76
2012-06-20,33.78,1.75
2012-06-21,32.19,1.76
2012-06-22,33.79,1.76
2012-06-25,33.11,1.73
2012-06-26,31.61,1.76
2012-06-27,31.96,1.74
2012-06-28,31.41,1.73
2012-06-29,31.29,1.74
2012-07-02,30.4,1.69
2012-07-03,30.66,1.6399
2012-07-05,31.23,1.62
2012-07-06,30.99,1.55
2012-07-09,31.49,1.59
2012-07-10,31.27,1.62
2012-07-11,31.51,1.45
2012-07-12,32.7,1.54
2012-07-13,34.25,1.52
2012-07-16,35.96,1.44
2012-07-17,33.35,1.37
2012-07-18,32.15,1.32
2012-07-19,32.27,1.4
2012-07-20,31.79,1.39
2012-07-23,30.66,1.32
2012-07-24,29.84,1.3602
2012-07-25,28.95,1.3
2012-07-26,28.13,1.37
2012-07-27,29.51,1.33
2012-07-30,27.35,1.42
2012-07-31,27.42,1.49
2012-08-01,26.25,1.42
2012-08-02,26.1,1.4
2012-08-03,27.27,1.36
2012-08-06,28.27,1.29
2012-08-07,30.25,1.32
2012-08-08,29.09,1.29
2012-08-09,29.41,1.2702
2012-08-10,29.94,1.3
2012-08-13,31.17,1.2655
2012-08-14,29.42,1.3
2012-08-15,29.4,1.26
2012-08-16,30.3,1.22
2012-08-17,30.01,1.19
2012-08-20,29.51,1.17
2012-08-21,29.11,1.19
2012-08-22,29.95,1.1365
2012-08-23,30.73,1.06
2012-08-24,29.5,1.14
2012-08-27,28.32,1.1397
2012-08-28,28.69,1.12
2012-08-29,28.41,1.14
2012-08-30,28.41,1.1
2012-08-31,28.52,1.14
2012-09-04,28.14,1.1899
2012-09-05,27.94,1.1899
2012-09-06,28.55,1.21
2012-09-07,29.35,1.2299
2012-09-10,27.37,1.177
2012-09-11,27.8,1.19
2012-09-12,28.28,1.24
2012-09-13,29.48,1.17
2012-09-14,30.39,1.18
2012-09-17,32.54,1.22
2012-09-18,31.34,1.2283
2012-09-19,31.05,1.17
2012-09-20,30.9,1.24
2012-09-21,30.02,1.24
2012-09-24,30.66,1.21
2012-09-25,27.66,1.22
2012-09-26,27.54,1.19
2012-09-27,28.49,1.17
2012-09-28,29.28,1.17
2012-10-01,29.16,1.17
2012-10-02,29.8,1.23
2012-10-03,29.3,1.2
2012-10-04,29.4,1.181
2012-10-05,28.89,1.11
2012-10-08,29.25,1.13
2012-10-09,28.37,1.12
2012-10-10,28.4,1.1494
2012-10-11,28.32,1.26
2012-10-12,27.64,1.1717
2012-10-15,27.33,1.22
2012-10-16,28.06,1.23
2012-10-17,28.819000000000003,1.24
2012-10-18,28.04,1.13
2012-10-19,27.74,1.21
2012-10-22,27.85,1.17
2012-10-23,28.39,1.22
2012-10-24,27.42,1.21
2012-10-26,27.38,1.18
2012-10-31,28.131,1.21
2012-11-01,29.245,1.21
2012-11-02,28.918000000000003,1.22
2012-11-05,31.5,1.26
2012-11-06,31.15,1.2690000000000001
2012-11-07,31.54,1.2099
2012-11-08,31.31,1.16
2012-11-09,30.32,1.23
2012-11-12,31.07,1.22
2012-11-13,31.614,1.21
2012-11-14,31.38,1.25
2012-11-15,30.82,1.14
2012-11-16,31.84,1.16
2012-11-19,32.92,1.17
2012-11-20,33.0,1.18
2012-11-21,32.47,1.18
2012-11-23,32.13,1.18
2012-11-26,32.27,1.19
2012-11-27,32.15,1.15
2012-11-28,33.21,1.1801
2012-11-29,33.69,1.24
2012-11-30,33.82,1.21
2012-12-03,34.62,1.2
2012-12-04,33.9,1.1815
2012-12-05,33.71,1.2299
2012-12-06,33.9,1.14
2012-12-07,34.17,1.17
2012-12-10,34.57,1.15
2012-12-11,35.28,1.1697
2012-12-12,35.26,1.13
2012-12-13,33.61,1.14
2012-12-14,33.81,1.21
2012-12-17,34.4,1.21
2012-12-18,34.59,1.219
2012-12-19,34.61,1.24
2012-12-20,34.43,1.2
2012-12-21,34.0,1.23
2012-12-24,34.28,1.218
2012-12-26,33.59,1.24
2012-12-27,33.69,1.13
2012-12-28,33.22,1.19
2012-12-31,33.87,1.48
2013-01-02,35.36,1.51
2013-01-03,34.77,1.64
2013-01-04,34.4,1.61
2013-01-07,34.34,1.6099
2013-01-08,33.68,1.62
2013-01-09,33.64,1.6
2013-01-10,33.53,1.62
2013-01-11,32.91,1.6399
2013-01-14,33.26,1.68
2013-01-15,33.9,1.63
2013-01-16,34.1,1.7199
2013-01-17,34.38,1.72
2013-01-18,34.52,1.74
2013-01-22,35.19,1.79
2013-01-23,36.0,1.9
2013-01-24,36.99,1.94
2013-01-25,36.98,1.85
2013-01-28,38.03,1.87
2013-01-29,37.95,1.91
2013-01-30,37.52,1.88
2013-01-31,37.51,1.87
2013-02-01,38.3,1.8101
2013-02-04,37.74,1.8
2013-02-05,38.13,1.82
2013-02-06,39.17,1.8618
2013-02-07,39.48,1.86
2013-02-08,39.24,1.875
2013-02-11,38.42,1.85
2013-02-12,37.89,1.87
2013-02-13,38.45,1.8601
2013-02-14,38.3,1.85
2013-02-15,37.04,1.87
2013-02-19,39.28,1.93
2013-02-20,38.54,1.98
2013-02-21,35.16,2.01
2013-02-22,36.11,2.09
2013-02-25,34.38,2.1
2013-02-26,34.43,2.02
2013-02-27,35.1,2.02
2013-02-28,34.83,2.0
2013-03-01,34.65,1.99
2013-03-04,35.58,1.99
2013-03-05,36.65,1.9702
2013-03-06,37.69,1.98
2013-03-07,38.23,1.9825
2013-03-08,38.47,1.99
2013-03-11,39.1,2.0
2013-03-12,39.12,2.03
2013-03-13,38.98,2.07
2013-03-14,36.85,2.02
2013-03-15,35.29,2.03
2013-03-18,35.15,2.05
2013-03-19,35.08,2.02
2013-03-20,35.95,2.0209
2013-03-21,36.01,2.04
2013-03-22,36.62,2.01
2013-03-25,37.53,2.05
2013-03-26,37.86,2.05
2013-03-27,38.16,2.06
2013-03-28,37.89,2.05
2013-04-01,43.93,2.05
2013-04-02,44.34,2.0301
2013-04-03,41.1,2.04
2013-04-04,42.01,2.04
2013-04-05,41.37,2.06
2013-04-08,41.83,2.08
2013-04-09,40.5,2.07
2013-04-10,41.86,2.0742
2013-04-11,43.59,2.08
2013-04-12,43.75,2.0801
2013-04-15,43.3,2.11
2013-04-16,45.59,2.08
2013-04-17,45.45,2.07
2013-04-18,46.97,2.07
2013-04-19,47.83,1.96
2013-04-22,50.19,1.97
2013-04-23,51.01,1.95
2013-04-24,50.43,1.97
2013-04-25,52.0,1.86
2013-04-26,51.2,1.87
2013-04-29,54.94,1.88
2013-04-30,53.99,2.01
2013-05-01,53.28,2.04
2013-05-02,54.11,2.0
2013-05-03,54.55,1.89
2013-05-06,59.5,1.97
2013-05-07,55.51,1.92
2013-05-08,55.79,1.89
2013-05-09,69.4,1.79
2013-05-10,76.76,2.04
2013-05-13,87.8,1.95
2013-05-14,83.24,1.9899
2013-05-15,84.84,1.99
2013-05-16,92.25,2.0
2013-05-17,91.5,1.98
2013-05-20,89.94,1.95
2013-05-21,87.59,2.02
2013-05-22,87.24,1.9599
2013-05-23,92.73,1.94
2013-05-24,97.08,2.0
2013-05-28,110.33,2.0
2013-05-29,104.63,1.96
2013-05-30,104.95,1.92
2013-05-31,97.76,1.92
2013-06-03,92.59,1.95
2013-06-04,94.84,1.91
2013-06-05,95.37,1.8644
2013-06-06,97.35,2.0
2013-06-07,102.04,1.9
2013-06-10,100.05,1.99
2013-06-11,94.47,2.0
2013-06-12,97.73,2.0
2013-06-13,98.18,2.0
2013-06-14,100.3,1.96
2013-06-17,102.2,1.95
2013-06-18,103.39,1.97
2013-06-19,104.68,1.97
2013-06-20,100.65,1.93
2013-06-21,99.55,1.92
2013-06-24,101.49,1.99
2013-06-25,102.4,1.93
2013-06-26,105.72,1.91
2013-06-27,109.25,1.94
2013-06-28,107.36,1.9
2013-07-01,117.18,1.9
2013-07-02,117.82,1.96
2013-07-03,115.24,1.9
2013-07-05,120.09,1.92
2013-07-08,121.61,1.9
2013-07-09,123.45,1.93
2013-07-10,122.27,1.92
2013-07-11,125.61,1.92
2013-07-12,129.9,1.93
2013-07-15,127.26,1.9
2013-07-16,109.05,1.91
2013-07-17,120.25,1.9
2013-07-18,119.03,1.9201
2013-07-19,119.68,1.9
2013-07-22,122.43,1.9
2013-07-23,122.74,1.9
2013-07-24,121.7,1.9
2013-07-25,124.07,1.87
2013-07-26,129.39,1.89
2013-07-29,134.62,1.88
2013-07-30,131.74,1.88
2013-07-31,134.28,1.89
2013-08-01,135.55,1.89
2013-08-02,138.0,1.9
2013-08-05,144.68,1.94
2013-08-06,142.15,1.93
2013-08-07,134.23,1.91
2013-08-08,153.48,1.92
2013-08-09,153.0,1.91
2013-08-12,147.38,1.85
2013-08-13,145.43,1.8869999999999998
2013-08-14,139.36,1.88
2013-08-15,139.67,1.8943
2013-08-16,142.0,1.8601
2013-08-19,144.9,1.87
2013-08-20,149.58,1.8501
2013-08-21,147.86,1.85
2013-08-22,157.1,1.8399
2013-08-23,161.84,1.78
2013-08-26,164.22,1.74
2013-08-27,167.01,1.71
2013-08-28,166.45,1.8
2013-08-29,166.06,1.8
2013-08-30,169.0,1.77
2013-09-03,168.94,1.74
2013-09-04,170.62,1.83
2013-09-05,169.93,1.94
2013-09-06,166.97,1.96
2013-09-09,160.7,1.9
2013-09-10,166.37,1.8401
2013-09-11,163.52,1.8686
2013-09-12,164.93,1.8501
2013-09-13,165.54,1.95
2013-09-16,166.58,1.86
2013-09-17,166.23,1.91
2013-09-18,166.22,1.95
2013-09-19,177.92,1.87
2013-09-20,183.39,1.86
2013-09-23,181.11,1.87
2013-09-24,182.33,1.86
2013-09-25,185.24,1.89
2013-09-26,188.64,1.86
2013-09-27,190.9,1.87
2013-09-30,193.37,1.8701
2013-10-01,193.0,1.86
2013-10-02,180.95,1.82
2013-10-03,173.31,1.83
2013-10-04,180.98,1.88
2013-10-07,183.07,1.8328
2013-10-08,174.73,1.84
2013-10-09,168.78,1.84
2013-10-10,172.93,1.85
2013-10-11,178.7,1.81
2013-10-14,179.72,1.8
2013-10-15,183.94,1.8
2013-10-16,183.56,1.801
2013-10-17,182.8,1.74
2013-10-18,183.4,1.69
2013-10-21,172.6,1.73
2013-10-22,171.54,1.76
2013-10-23,164.5,1.78
2013-10-24,173.15,1.74
2013-10-25,169.66,1.75
2013-10-28,162.86,1.75
2013-10-29,164.47,1.81
2013-10-30,159.22,1.77
2013-10-31,159.94,1.75
2013-11-01,162.17,1.77
2013-11-04,175.2,1.73
2013-11-05,176.81,1.74
2013-11-06,151.16,1.71
2013-11-07,139.77,1.71
2013-11-08,137.95,1.7
2013-11-11,144.7,1.64
2013-11-12,137.8,1.65
2013-11-13,138.7,1.66
2013-11-14,137.6,1.63
2013-11-15,135.45,1.52
2013-11-18,121.58,1.59
2013-11-19,126.09,1.54
2013-11-20,121.11,1.52
2013-11-21,122.1,1.51
2013-11-22,121.38,1.41
2013-11-25,120.84,1.49
2013-11-26,120.5,1.48
2013-11-27,126.94,1.47
2013-11-29,127.28,1.69
2013-12-02,124.17,1.67
2013-12-03,144.7,1.6
2013-12-04,138.95,1.5901
2013-12-05,140.48,1.651
2013-12-06,137.36,1.55
2013-12-09,141.6,1.59
2013-12-10,142.19,1.54
2013-12-11,139.65,1.59
2013-12-12,147.47,1.6
2013-12-13,147.65,1.55
2013-12-16,147.94,1.53
2013-12-17,152.46,1.49
2013-12-18,147.98,1.5
2013-12-19,140.72,1.54
2013-12-20,143.24,1.46
2013-12-23,143.55,1.46
2013-12-24,151.41,1.4609999999999999
2013-12-26,155.5,1.58
2013-12-27,151.12,1.5
2013-12-30,152.44,1.51
2013-12-31,150.43,1.55
2014-01-02,150.1,1.65
2014-01-03,149.56,1.5969
2014-01-06,147.0,1.6
2014-01-07,149.36,1.57
2014-01-08,151.28,1.62
2014-01-09,147.53,1.67
2014-01-10,145.72,1.74
2014-01-13,139.34,1.71
2014-01-14,161.27,1.79
2014-01-15,164.13,1.83
2014-01-16,170.97,1.74
2014-01-17,170.01,1.74
2014-01-21,176.68,1.9
2014-01-22,178.56,1.86
2014-01-23,181.5,1.8
2014-01-24,174.6,1.89
2014-01-27,169.62,1.77
2014-01-28,178.38,1.79
2014-01-29,175.23,1.7
2014-01-30,182.84,1.73
2014-01-31,181.41,1.66
2014-02-03,177.11,1.65
2014-02-04,178.73,1.6477
2014-02-05,174.42,1.6999
2014-02-06,178.38,1.65
2014-02-07,186.53,1.73
2014-02-10,196.56,1.75
2014-02-11,196.62,1.73
2014-02-12,195.32,1.7
2014-02-13,199.63,1.66
2014-02-14,198.23,1.69
2014-02-18,203.7,1.83
2014-02-19,193.64,1.68
2014-02-20,209.97,1.61
2014-02-21,209.6,1.58
2014-02-24,217.65,1.665
2014-02-25,248.0,1.6997
2014-02-26,253.0,1.7099
2014-02-27,252.54,1.75
2014-02-28,244.81,1.6801
2014-03-03,250.56,1.7055
2014-03-04,254.84,1.6943
2014-03-05,252.66,1.7299
2014-03-06,252.94,1.64
2014-03-07,246.21,1.7
2014-03-10,238.84,1.73
2014-03-11,234.41,1.73
2014-03-12,241.49,1.72
2014-03-13,237.79,1.54
2014-03-14,230.97,1.6
2014-03-17,233.98,1.6
2014-03-18,240.04,1.59
2014-03-19,235.84,1.59
2014-03-20,234.91,1.56
2014-03-21,228.89,1.54
2014-03-24,220.17,1.55
2014-03-25,220.44,1.67
2014-03-26,212.96,1.55
2014-03-27,207.32,1.57
2014-03-28,212.37,1.5999
2014-03-31,208.45,1.96
2014-04-01,216.97,1.81
2014-04-02,230.29,1.78
2014-04-03,225.4,1.71
2014-04-04,212.23,1.655
2014-04-07,207.52,1.69
2014-04-08,215.46,1.75
2014-04-09,216.93,1.71
2014-04-10,204.19,1.7099
2014-04-11,203.78,1.69
2014-04-14,198.09,1.68
2014-04-15,193.91,1.61
2014-04-16,199.11,1.64
2014-04-17,198.12,1.6499
2014-04-21,204.38,1.66
2014-04-22,218.64,1.7
2014-04-23,207.99,1.651
2014-04-24,207.86,1.6535
2014-04-25,199.85,1.69
2014-04-28,198.51,1.7
2014-04-29,206.92,1.69
2014-04-30,207.89,1.65
2014-05-01,207.73,1.65
2014-05-02,210.91,1.699
2014-05-05,216.61,1.67
2014-05-06,207.28,1.6501
2014-05-07,201.35,1.65
2014-05-08,178.59,1.6436
2014-05-09,182.26,1.6
2014-05-12,184.67,1.57
2014-05-13,190.16,1.5412
2014-05-14,190.62,1.51
2014-05-15,188.59,1.59
2014-05-16,191.56,1.15
2014-05-19,196.09,1.2935
2014-05-20,195.3,1.35
2014-05-21,199.45,1.36
2014-05-22,204.88,1.3205
2014-05-23,207.3,1.349
2014-05-27,211.56,1.3101
2014-05-28,210.24,1.31
2014-05-29,210.24,1.2914
2014-05-30,207.77,1.34
2014-06-02,204.7,1.3419999999999999
2014-06-03,204.94,1.37
2014-06-04,203.99,1.37
2014-06-05,206.9,1.27
2014-06-06,208.17,1.31
2014-06-09,205.31,1.2501
2014-06-10,202.3,1.2
2014-06-11,204.47,1.25
2014-06-12,203.52,1.29
2014-06-13,206.42,1.31
2014-06-16,224.61,1.27
2014-06-17,231.67,1.27
2014-06-18,227.12,1.2361
2014-06-19,227.79,1.21
2014-06-20,229.59,1.26
2014-06-23,237.22,1.2690000000000001
2014-06-24,232.5,1.23
2014-06-25,236.89,1.1895
2014-06-26,235.6,1.21
2014-06-27,239.06,1.22
2014-06-30,240.06,1.22
2014-07-01,239.72,1.19
2014-07-02,229.43,1.19
2014-07-03,229.25,1.195
2014-07-07,222.66,1.23
2014-07-08,219.07,1.31
2014-07-09,223.06,1.3
2014-07-10,219.46,1.35
2014-07-11,218.13,1.45
2014-07-14,226.7,1.42
2014-07-15,219.58,1.4
2014-07-16,217.16,1.45
2014-07-17,215.4,1.36
2014-07-18,220.02,1.37
2014-07-21,220.54,1.35
2014-07-22,219.58,1.4
2014-07-23,222.49,1.43
2014-07-24,223.54,1.37
2014-07-25,223.57,1.41
2014-07-28,224.82,1.4
2014-07-29,225.01,1.39
2014-07-30,228.92,1.38
2014-07-31,223.3,1.36
2014-08-01,233.27,1.27
2014-08-04,238.52,1.33
2014-08-05,238.49,1.32
2014-08-06,248.93,1.3073
2014-08-07,252.39,1.29
2014-08-08,248.13,1.22
2014-08-11,259.32,1.23
2014-08-12,259.96,1.23
2014-08-13,260.31,1.22
2014-08-14,261.38,1.23
2014-08-15,262.01,1.27
2014-08-18,259.94,1.21
2014-08-19,256.76,1.2101
2014-08-20,255.71,1.2799
2014-08-21,254.34,1.22
2014-08-22,256.78,1.21
2014-08-25,262.55,1.2701
2014-08-26,261.74,1.24
2014-08-27,263.25,1.25
2014-08-28,263.86,1.2301
2014-08-29,269.7,1.28
2014-09-02,284.12,1.28
2014-09-03,281.19,1.29
2014-09-04,286.04,1.3
2014-09-05,277.39,1.35
2014-09-08,282.11,1.27
2014-09-09,278.48,1.28
2014-09-10,281.1,1.35
2014-09-11,280.31,1.34
2014-09-12,279.2,1.3
2014-09-15,253.86,1.29
2014-09-16,260.74,1.32
2014-09-17,261.38,1.31
2014-09-18,263.82,1.31
2014-09-19,259.32,1.37
2014-09-22,250.03,1.32
2014-09-23,250.41,1.31
2014-09-24,252.14,1.35
2014-09-25,246.95,1.5
2014-09-26,246.6,1.41
2014-09-29,245.26,1.32
2014-09-30,242.68,1.33
2014-10-01,240.24,1.32
2014-10-02,251.42,1.31
2014-10-03,255.21,1.31
2014-10-06,260.62,1.33
2014-10-07,259.57,1.28
2014-10-08,259.28,1.29
2014-10-09,257.01,1.26
2014-10-10,236.91,1.25
2014-10-13,224.59,1.26
2014-10-14,227.06,1.28
2014-10-15,229.7,1.23
2014-10-16,226.35,1.27
2014-10-17,227.48,1.2532
2014-10-20,230.47,1.24
2014-10-21,235.34,1.23
2014-10-22,231.1,1.27
2014-10-23,235.29,1.24
2014-10-24,235.24,1.24
2014-10-27,221.67,1.24
2014-10-28,242.77,1.24
2014-10-29,238.1,1.22
2014-10-30,238.66,1.26
2014-10-31,241.7,1.22
2014-11-03,242.59,1.24
2014-11-04,238.93,1.23
2014-11-05,230.97,1.21
2014-11-06,241.22,1.18
2014-11-07,240.2,1.18
2014-11-10,241.93,1.21
2014-11-11,251.08,1.199
2014-11-12,249.1,1.18
2014-11-13,251.7,1.18
2014-11-14,258.68,1.1852
2014-11-17,253.98,1.12
2014-11-18,257.7,1.14
2014-11-19,247.74,1.1436
2014-11-20,248.71,1.07
2014-11-21,242.78,1.04
2014-11-24,246.72,1.05
2014-11-25,248.09,1.08
2014-11-26,248.44,1.11
2014-11-28,244.52,1.1001
2014-12-01,231.64,1.15
2014-12-02,231.43,1.11
2014-12-03,229.3,1.11
2014-12-04,228.28,1.08
2014-12-05,223.71,1.16
2014-12-08,214.36,1.1
2014-12-09,216.89,1.1204
2014-12-10,209.84,1.08
2014-12-11,208.88,1.05
2014-12-12,207.0,1.03
2014-12-15,204.04,0.97
2014-12-16,197.81,0.98
2014-12-17,205.82,0.9302
2014-12-18,218.26,0.91
2014-12-19,219.29,0.9254
2014-12-22,222.6,0.92
2014-12-23,220.97,0.9
2014-12-24,222.26,0.95
2014-12-26,227.82,1.0
2014-12-29,225.71,1.1
2014-12-30,222.23,1.07
2014-12-31,222.41,1.04
2015-01-02,219.31,1.03
2015-01-05,210.09,1.11
2015-01-06,211.28,1.21
2015-01-07,210.95,1.15
2015-01-08,210.62,1.11
2015-01-09,206.66,1.15
2015-01-12,202.21,1.12
2015-01-13,204.25,1.19
2015-01-14,192.69,1.062
2015-01-15,191.87,1.07
2015-01-16,193.07,0.98
2015-01-20,191.93,0.92
2015-01-21,196.57,1.04
2015-01-22,201.62,1.01
2015-01-23,201.29,0.97
2015-01-26,206.55,0.99
2015-01-27,205.98,0.97
2015-01-28,199.37,1.0052
2015-01-29,205.2,0.9777
2015-01-30,203.6,0.95
2015-02-02,210.94,0.95
2015-02-03,218.36,0.96
2015-02-04,218.55,0.95
2015-02-05,220.99,0.98
2015-02-06,217.36,0.9690000000000001
2015-02-09,217.48,0.95
2015-02-10,216.29,0.95
2015-02-11,212.8,0.9301
2015-02-12,202.88,0.91
2015-02-13,203.77,0.9
2015-02-17,204.35,0.92
2015-02-18,204.46,0.95
2015-02-19,211.71,0.9201
2015-02-20,217.11,0.93
2015-02-23,207.34,0.92
2015-02-24,204.11,0.95
2015-02-25,203.76,0.96
2015-02-26,207.19,0.91
2015-02-27,203.34,0.91
2015-03-02,197.32,0.94
2015-03-03,199.56,0.89
2015-03-04,202.43,0.86
2015-03-05,200.63,0.89
2015-03-06,193.88,0.88
2015-03-09,190.88,0.8
2015-03-10,190.32,0.81
2015-03-11,193.74,0.84
2015-03-12,188.68,0.82
2015-03-13,188.68,0.81
2015-03-16,195.7,0.77
2015-03-17,194.73,0.75
2015-03-18,200.71,0.76
2015-03-19,195.65,0.77
2015-03-20,198.08,0.71
2015-03-23,199.63,0.75
2015-03-24,201.72,0.75
2015-03-25,194.3,0.78
2015-03-26,190.4,0.9
2015-03-27,185.0,0.84
2015-03-30,190.57,0.82
2015-03-31,188.77,0.79
2015-04-01,187.59,0.81
2015-04-02,191.0,0.79
2015-04-06,203.1,0.74
2015-04-07,203.25,0.78
2015-04-08,207.67,0.77
2015-04-09,210.09,0.7623
2015-04-10,210.9,0.73
2015-04-13,209.78,0.73
2015-04-14,207.46,0.73
2015-04-15,207.83,0.7490000000000001
2015-04-16,206.7,0.7253
2015-04-17,206.79,0.67
2015-04-20,205.27,0.7
2015-04-21,209.41,0.7040000000000001
2015-04-22,219.44,0.6701
2015-04-23,218.6,0.7
2015-04-24,218.43,0.67
2015-04-27,231.55,0.66
2015-04-28,230.48,0.649
2015-04-29,232.45,0.64
2015-04-30,226.05,0.61
2015-05-01,226.03,0.69
2015-05-04,230.51,0.66
2015-05-05,232.95,0.65
2015-05-06,230.43,0.64
2015-05-07,236.8,0.65
2015-05-08,236.61,0.69
2015-05-11,239.49,0.63
2015-05-12,244.74,0.6541
2015-05-13,243.18,0.63
2015-05-14,244.1,0.61
2015-05-15,248.84,0.67
2015-05-18,248.75,0.6504
2015-05-19,247.14,0.6504
2015-05-20,244.35,0.67
2015-05-21,245.62,0.67
2015-05-22,247.73,0.69
2015-05-26,247.46,0.68
2015-05-27,247.43,0.68
2015-05-28,251.45,0.63
2015-05-29,250.8,0.65
2015-06-01,249.45,0.63
2015-06-02,248.35,0.6689
2015-06-03,248.99,0.65
2015-06-04,245.92,0.68
2015-06-05,249.14,0.67
2015-06-08,256.29,0.7
2015-06-09,256.0,0.7
2015-06-10,250.7,0.6759999999999999
2015-06-11,251.41,0.6759999999999999
2015-06-12,250.69,0.7
2015-06-15,250.38,0.7
2015-06-16,253.12,0.65
2015-06-17,260.41,0.66
2015-06-18,261.89,0.67
2015-06-19,262.51,0.69
2015-06-22,259.79,0.68
2015-06-23,267.67,0.66
2015-06-24,265.17,0.63
2015-06-25,268.79,0.64
2015-06-26,267.09,0.71
2015-06-29,262.02,0.68
2015-06-30,268.26,0.6893
2015-07-01,269.15,0.64
2015-07-02,280.02,0.67
2015-07-06,279.72,0.68
2015-07-07,267.88,0.65
2015-07-08,254.96,0.74
2015-07-09,257.92,0.66
2015-07-10,259.15,0.7
2015-07-13,262.16,0.65
2015-07-14,265.65,0.72
2015-07-15,263.14,0.7
2015-07-16,266.68,0.63
2015-07-17,274.66,0.65
2015-07-20,282.26,0.65
2015-07-21,266.77,0.66
2015-07-22,267.87,0.68
2015-07-23,267.2,0.67
2015-07-24,265.41,0.64
2015-07-27,253.01,0.64
2015-07-28,264.82,0.65
2015-07-29,263.82,0.65
2015-07-30,266.79,0.66
2015-07-31,266.15,0.65
2015-08-03,259.99,0.6437
2015-08-04,266.28,0.67
2015-08-05,270.13,0.68
2015-08-06,246.13,0.66
2015-08-07,242.51,0.68
2015-08-10,241.14,0.65
2015-08-11,237.37,1.7
2015-08-12,238.17,1.15
2015-08-13,242.51,1.04
2015-08-14,243.15,1.26
2015-08-17,254.99,1.15
2015-08-18,260.72,1.1
2015-08-19,255.25,1.07
2015-08-20,242.18,1.06
2015-08-21,230.77,1.04
2015-08-24,218.87,1.0298
2015-08-25,220.03,1.28
2015-08-26,224.84,1.81
2015-08-27,242.99,2.34
2015-08-28,248.48,1.67
2015-08-31,249.06,1.35
2015-09-01,238.63,1.85
2015-09-02,247.69,1.67
2015-09-03,245.57,1.73
2015-09-04,241.93,1.58
2015-09-08,248.17,1.63
2015-09-09,248.91,1.55
2015-09-10,248.48,1.45
2015-09-11,250.24,1.43
2015-09-14,253.19,1.53
2015-09-15,253.57,1.73
2015-09-16,262.25,1.6
2015-09-17,262.07,1.5489
2015-09-18,260.62,1.58
2015-09-21,264.2,1.7
2015-09-22,260.94,1.64
2015-09-23,261.06,1.59
2015-09-24,263.12,1.64
2015-09-25,256.91,1.49
2015-09-28,248.43,1.43
2015-09-29,246.65,1.4
2015-09-30,248.4,1.36
2015-10-01,239.88,1.27
2015-10-02,247.57,1.21
2015-10-05,246.15,1.3
2015-10-06,241.46,1.27
2015-10-07,231.96,1.24
2015-10-08,226.72,1.27
2015-10-09,220.69,1.32
2015-10-12,215.58,1.28
2015-10-13,219.25,1.3
2015-10-14,216.88,1.27
2015-10-15,221.31,1.33
2015-10-16,227.01,1.31
2015-10-19,228.1,1.27
2015-10-20,213.03,1.2
2015-10-21,210.09,1.18
2015-10-22,211.72,1.15
2015-10-23,209.09,1.11
2015-10-26,215.26,1.13
2015-10-27,210.35,1.18
2015-10-28,212.96,1.21
2015-10-29,211.63,1.22
2015-10-30,206.93,1.21
2015-11-02,213.79,1.21
2015-11-03,208.35,1.19
2015-11-04,231.63,1.23
2015-11-05,231.77,1.54
2015-11-06,232.36,1.55
2015-11-09,225.33,1.42
2015-11-10,216.5,1.38
2015-11-11,219.08,1.3
2015-11-12,212.94,1.4
2015-11-13,207.19,1.37
2015-11-16,214.31,1.4
2015-11-17,214.0,1.38
2015-11-18,221.07,1.34
2015-11-19,221.8,1.42
2015-11-20,220.01,1.45
2015-11-23,217.75,1.48
2015-11-24,218.25,1.42
2015-11-25,229.64,1.44
2015-11-27,231.61,1.51
2015-11-30,230.26,1.5
2015-12-01,237.19,1.55
2015-12-02,231.99,1.54
2015-12-03,232.71,1.52
2015-12-04,230.38,1.54
2015-12-07,231.13,1.71
2015-12-08,226.72,1.6
2015-12-09,224.52,1.66
2015-12-10,227.07,1.68
2015-12-11,217.02,1.65
2015-12-14,218.58,1.67
2015-12-15,221.09,1.49
2015-12-16,234.51,1.55
2015-12-17,233.39,1.52
2015-12-18,230.46,1.58
2015-12-21,232.56,1.53
2015-12-22,229.95,1.48
2015-12-23,229.7,1.5
2015-12-24,230.57,1.5
2015-12-28,228.95,1.43
2015-12-29,237.19,1.46
2015-12-30,238.09,1.48
2015-12-31,240.01,1.48
2016-01-04,223.41,1.43
2016-01-05,223.43,1.35
2016-01-06,219.04,1.35
2016-01-07,215.65,1.35
2016-01-08,211.0,1.35
2016-01-11,207.85,1.31
2016-01-12,209.97,1.33
2016-01-13,200.31,1.3
2016-01-14,206.18,1.22
2016-01-15,204.99,1.15
2016-01-19,204.72,1.3
2016-01-20,198.7,1.26
2016-01-21,199.97,1.25
2016-01-22,202.55,1.2
2016-01-25,196.37,1.22
2016-01-26,193.56,1.27
2016-01-27,188.07,1.25
2016-01-28,189.7,1.26
2016-01-29,191.11,1.26
2016-02-01,196.94,1.25
2016-02-02,182.78,1.21
2016-02-03,173.48,1.19
2016-02-04,175.33,1.21
2016-02-05,162.6,1.21
2016-02-08,148.03,1.18
2016-02-09,148.25,1.19
2016-02-10,143.67,1.192
2016-02-11,150.47,1.26
2016-02-12,151.04,1.29
2016-02-16,155.17,1.37
2016-02-17,168.68,1.4799
2016-02-18,166.77,1.43
2016-02-19,166.58,1.41
2016-02-22,177.74,1.472
2016-02-23,177.21,1.47
2016-02-24,179.0,1.47
2016-02-25,187.43,1.44
2016-02-26,190.34,1.42
2016-02-29,191.93,1.476
2016-03-01,186.35,1.43
2016-03-02,188.34,1.44
2016-03-03,195.74,1.49
2016-03-04,201.04,1.44
2016-03-07,205.29,1.3903
2016-03-08,202.6,1.4
2016-03-09,208.72,1.39
2016-03-10,205.18,1.39
2016-03-11,207.5,1.38
2016-03-14,215.15,1.34
2016-03-15,218.34,1.33
2016-03-16,221.93,1.32
2016-03-17,226.38,1.31
2016-03-18,232.74,1.33
2016-03-21,238.32,1.33
2016-03-22,234.24,1.27
2016-03-23,222.58,1.29
2016-03-24,227.75,1.32
2016-03-28,230.26,1.22
2016-03-29,230.13,1.23
2016-03-30,226.89,1.28
2016-03-31,229.77,1.29
2016-04-01,237.59,1.28
2016-04-04,246.99,1.31
2016-04-05,255.47,1.32
2016-04-06,265.42,1.25
2016-04-07,257.2,1.3072
2016-04-08,250.07,1.25
2016-04-11,249.92,1.28
2016-04-12,247.82,1.28
2016-04-13,254.53,1.3
2016-04-14,251.86,1.3
2016-04-15,254.51,1.29
2016-04-18,253.88,1.4
2016-04-19,247.37,1.46
2016-04-20,249.97,1.44
2016-04-21,248.29,1.48
2016-04-22,253.75,1.41
2016-04-25,251.82,1.33
2016-04-26,253.74,1.33
2016-04-27,251.47,1.34
2016-04-28,247.71,1.35
2016-04-29,240.76,1.32
2016-05-02,241.8,1.28
2016-05-03,232.32,1.32
2016-05-04,222.56,1.32
2016-05-05,211.53,1.32
2016-05-06,214.93,1.34
2016-05-09,208.92,1.36
2016-05-10,208.69,1.3
2016-05-11,208.96,1.2901
2016-05-12,207.2,1.27
2016-05-13,207.61,1.31
2016-05-16,208.29,1.34
2016-05-17,204.66,1.29
2016-05-18,211.17,1.2401
2016-05-19,215.21,1.21
2016-05-20,220.28,1.23
2016-05-23,216.22,1.2
2016-05-24,217.91,1.24
2016-05-25,219.58,1.24
2016-05-26,225.12,1.27
2016-05-27,223.04,1.27
2016-05-31,223.23,1.24
2016-06-01,219.56,1.31
2016-06-02,218.96,1.26
2016-06-03,218.99,1.26
2016-06-06,220.68,1.27
2016-06-07,232.34,1.32
2016-06-08,235.52,1.3125
2016-06-09,229.36,1.305
2016-06-10,218.79,1.32
2016-06-13,217.87,1.25
2016-06-14,214.95,1.253
2016-06-15,217.7,1.29
2016-06-16,217.93,1.25
2016-06-17,215.48,1.22
2016-06-20,219.7,1.25
2016-06-21,219.61,1.24
2016-06-22,196.66,1.26
2016-06-23,196.4,1.24
2016-06-24,193.15,1.24
2016-06-27,198.55,1.23
2016-06-28,201.79,1.2401
2016-06-29,210.16,1.17
2016-06-30,212.28,1.18
2016-07-01,216.5,1.2
2016-07-05,213.98,1.15
2016-07-06,214.44,1.59
2016-07-07,215.94,1.45
2016-07-08,216.78,1.328
2016-07-11,224.78,1.3301
2016-07-12,224.65,1.33
2016-07-13,222.53,1.35
2016-07-14,221.53,1.34
2016-07-15,220.37,1.35
2016-07-18,226.25,1.37
2016-07-19,225.26,1.4
2016-07-20,228.36,1.4
2016-07-21,220.5,1.52
2016-07-22,222.27,1.56
2016-07-25,230.01,1.6
2016-07-26,229.51,1.62
2016-07-27,228.49,1.59
2016-07-28,230.61,1.53
2016-07-29,234.79,1.48
2016-08-01,230.01,1.53
2016-08-02,227.2,1.5
2016-08-03,225.58,1.5
2016-08-04,230.61,1.53
2016-08-05,230.03,1.5577
2016-08-08,226.16,1.46
2016-08-09,229.08,1.496
2016-08-10,225.65,1.51
2016-08-11,224.91,1.53
2016-08-12,225.61,1.53
2016-08-15,225.59,1.51
2016-08-16,223.61,1.51
2016-08-17,223.24,1.5001
2016-08-18,223.51,1.57
2016-08-19,225.0,1.61
2016-08-22,222.93,1.65
2016-08-23,224.84,1.65
2016-08-24,222.62,1.605
2016-08-25,220.96,1.63
2016-08-26,219.99,1.57
2016-08-29,215.2,1.6
2016-08-30,211.34,1.6
2016-08-31,212.01,1.59
2016-09-01,200.77,1.58
2016-09-02,197.78,1.64
2016-09-06,202.82,1.63
2016-09-07,201.7,1.6
2016-09-08,197.36,1.5251
2016-09-09,194.47,1.5
2016-09-12,198.3,1.54
2016-09-13,196.05,1.53
2016-09-14,196.41,1.47
2016-09-15,200.22,1.53
2016-09-16,205.4,1.52
2016-09-19,206.34,1.49
2016-09-20,204.64,1.41
2016-09-21,205.22,1.46
2016-09-22,206.43,1.51
2016-09-23,207.45,1.57
2016-09-26,208.99,1.5
2016-09-27,205.81,1.46
2016-09-28,206.27,1.45
2016-09-29,200.7,1.5
2016-09-30,204.03,1.46
2016-10-03,213.7,1.46
2016-10-04,211.41,1.44
2016-10-05,208.46,1.43
2016-10-06,201.0,1.36
2016-10-07,196.61,1.34
2016-10-10,200.95,1.36
2016-10-11,200.1,1.3
2016-10-12,201.51,1.32
2016-10-13,200.24,1.25
2016-10-14,196.51,1.24
2016-10-17,193.96,1.24
2016-10-18,199.1,1.22
2016-10-19,203.56,1.15
2016-10-20,199.1,1.158
2016-10-21,200.09,1.14
2016-10-24,202.76,1.1
2016-10-25,202.34,1.07
2016-10-26,202.24,1.12
2016-10-27,204.01,1.08
2016-10-28,199.97,1.12
2016-10-31,197.73,1.12
2016-11-01,190.79,1.1101
2016-11-02,188.02,1.27
2016-11-03,187.42,1.23
2016-11-04,190.56,1.21
2016-11-07,193.21,1.23
2016-11-08,194.94,1.2101
2016-11-09,190.06,1.2701
2016-11-10,185.35,1.31
2016-11-11,188.56,1.26
2016-11-14,181.45,1.33
2016-11-15,183.77,1.39
2016-11-16,183.93,1.38
2016-11-17,188.66,1.3551
2016-11-18,185.02,1.3899
2016-11-21,184.7,1.37
2016-11-22,191.17,1.38
2016-11-23,193.14,1.38
2016-11-25,196.65,1.4
2016-11-28,196.12,1.37
2016-11-29,189.57,1.38
2016-11-30,189.4,1.4201
2016-12-01,181.88,1.36
2016-12-02,181.47,1.38
2016-12-05,186.8,1.36
2016-12-06,185.85,1.37
2016-12-07,193.14,1.4189
2016-12-08,192.29,1.41
2016-12-09,192.18,1.39
2016-12-12,192.43,1.3415
2016-12-13,198.15,1.28
2016-12-14,198.69,1.34
2016-12-15,197.58,1.29
2016-12-16,202.49,1.25
2016-12-19,202.73,1.28
2016-12-20,208.79,1.28
2016-12-21,207.7,1.28
2016-12-22,208.45,1.3
2016-12-23,213.34,1.32
2016-12-27,219.53,1.24
2016-12-28,219.74,1.24
2016-12-29,214.65,1.22
2016-12-30,213.69,1.25
2017-01-03,216.99,1.19
2017-01-04,226.99,1.19
2017-01-05,226.75,1.22
2017-01-06,229.01,1.23
2017-01-09,231.28,1.2
2017-01-10,229.87,1.21
2017-01-11,229.73,1.22
2017-01-12,229.59,1.21
2017-01-13,237.75,1.21
2017-01-17,235.58,1.22
2017-01-18,238.36,1.207
2017-01-19,243.76,1.1817
2017-01-20,244.73,1.1788
2017-01-23,248.92,1.19
2017-01-24,254.61,1.25
2017-01-25,254.47,1.235
2017-01-26,252.51,1.244
2017-01-27,252.96,1.23
2017-01-30,250.62,1.2299
2017-01-31,251.93,1.21
2017-02-01,249.24,1.25
2017-02-02,251.54,1.23
2017-02-03,251.33,1.25
2017-02-06,257.77,1.24
2017-02-07,257.48,1.22
2017-02-08,262.08,1.2299
2017-02-09,269.2,1.2199
2017-02-10,269.23,1.2213
2017-02-13,280.6,1.24
2017-02-14,280.98,1.15
2017-02-15,279.76,1.1499
2017-02-16,268.95,1.15
2017-02-17,272.23,1.15
2017-02-21,277.39,1.1599
2017-02-22,273.51,1.1501
2017-02-23,255.99,1.14
2017-02-24,257.0,1.15
2017-02-27,246.23,1.15
2017-02-28,249.99,1.11
2017-03-01,250.02,1.12
2017-03-02,250.48,1.13
2017-03-03,251.57,1.0889
2017-03-06,251.21,1.0701
2017-03-07,248.59,1.1203
2017-03-08,246.83,1.14
2017-03-09,244.9,1.13
2017-03-10,243.69,1.09
2017-03-13,246.17,1.09
2017-03-14,258.0,1.07
2017-03-15,255.73,1.07
2017-03-16,262.05,1.08
2017-03-17,261.5,1.11
2017-03-20,261.92,1.12
2017-03-21,250.68,1.1
2017-03-22,255.01,1.1
2017-03-23,254.78,1.12
2017-03-24,263.16,1.1223
2017-03-27,270.22,1.12
2017-03-28,277.45,1.09
2017-03-29,277.38,1.11
2017-03-30,277.92,1.14
2017-03-31,278.3,1.188
2017-04-03,298.52,1.18
2017-04-04,303.68,1.16
2017-04-05,295.0,1.15
2017-04-06,298.7,1.1799
2017-04-07,302.54,1.16
2017-04-10,312.39,1.19
2017-04-11,308.71,1.15
2017-04-12,296.84,1.18
2017-04-13,304.0,1.16
2017-04-17,301.44,1.1501
2017-04-18,300.25,1.13
2017-04-19,305.52,1.15
2017-04-20,302.51,1.14
2017-04-21,305.6,1.13
2017-04-24,308.03,1.1
2017-04-25,313.79,1.12
2017-04-26,310.17,1.1136
2017-04-27,308.63,1.09
2017-04-28,314.07,1.1099
2017-05-01,322.83,1.12
2017-05-02,318.89,1.1001
2017-05-03,311.02,1.1189
2017-05-04,295.46,1.13
2017-05-05,308.35,1.14
2017-05-08,307.19,1.1217
2017-05-09,321.26,1.1199
2017-05-10,325.22,1.12
2017-05-11,323.1,1.11
2017-05-12,324.81,1.3
2017-05-15,315.88,1.17
2017-05-16,317.01,1.15
2017-05-17,306.0,1.12
2017-05-18,313.06,1.07
2017-05-19,310.83,1.09
2017-05-22,310.35,1.09
2017-05-23,303.86,1.12
2017-05-24,310.22,1.11
2017-05-25,316.83,1.113
2017-05-26,325.14,1.1101
2017-05-30,335.1,1.13
2017-05-31,341.01,1.109
2017-06-01,340.37,1.08
2017-06-02,339.85,1.09
2017-06-05,347.32,1.11
2017-06-06,352.8,1.0801
2017-06-07,359.65,1.08
2017-06-08,370.0,1.09
2017-06-09,357.32,1.07
2017-06-12,359.01,1.06
2017-06-13,375.95,1.07
2017-06-14,380.66,1.058
2017-06-15,375.34,1.0636
2017-06-16,371.4,1.09
2017-06-19,369.8,1.13
2017-06-20,372.24,1.06
2017-06-21,376.4,1.09
2017-06-22,382.61,1.0792
2017-06-23,383.45,1.06
2017-06-26,377.49,1.0599
2017-06-27,362.37,1.05
2017-06-28,371.24,1.05
2017-06-29,360.75,1.06
2017-06-30,361.61,1.0501
2017-07-03,352.5,1.06
2017-07-05,327.09,1.0401
2017-07-06,308.83,1.0585
2017-07-07,313.22,1.06
2017-07-10,316.05,1.0601
2017-07-11,327.22,1.06
2017-07-12,329.52,1.08
2017-07-13,323.41,1.06
2017-07-14,327.78,1.07
2017-07-17,319.57,1.09
2017-07-18,328.24,1.07
2017-07-19,325.26,1.0901
2017-07-20,329.92,1.0727
2017-07-21,328.4,1.09
2017-07-24,342.52,1.08
2017-07-25,339.6,1.06
2017-07-26,343.85,1.145
2017-07-27,334.46,1.08
2017-07-28,335.07,1.1183
2017-07-31,323.47,1.09
2017-08-01,319.57,1.0901
2017-08-02,325.89,1.1
2017-08-03,347.077,1.08
2017-08-04,356.91,1.1
2017-08-07,355.17,1.09
2017-08-08,365.22,1.09
2017-08-09,363.53,1.07
2017-08-10,355.4,1.07
2017-08-11,357.87,1.051
2017-08-14,363.8,1.09
2017-08-15,362.33,1.09
2017-08-16,362.91,1.1
2017-08-17,351.92,1.08
2017-08-18,347.46,1.1
2017-08-21,337.86,1.09
2017-08-22,341.35,1.11
2017-08-23,352.77,1.0993
2017-08-24,352.93,1.07
2017-08-25,348.05,1.12
2017-08-28,345.66,1.14
2017-08-29,347.36,1.14
2017-08-30,353.18,1.1317
2017-08-31,355.9,1.11
2017-09-01,355.4,1.1501
2017-09-05,349.59,1.15
2017-09-06,344.53,1.16
2017-09-07,350.61,1.1592
2017-09-08,343.4,1.15
2017-09-11,363.69,1.1799
2017-09-12,362.75,1.2890000000000001
2017-09-13,366.23,1.2
2017-09-14,377.64,1.2
2017-09-15,379.81,1.2
2017-09-18,385.0,1.2046
2017-09-19,375.1,1.2001
2017-09-20,373.91,1.1736
2017-09-21,366.48,1.157
2017-09-22,351.09,1.18
2017-09-25,344.99,1.16
2017-09-26,345.25,1.15
2017-09-27,340.97,1.15
2017-09-28,339.6,1.1999
2017-09-29,341.02,1.229
2017-10-02,341.53,1.2
2017-10-03,348.14,1.19
2017-10-04,355.01,1.2599
2017-10-05,355.14,1.24
2017-10-06,356.834,1.23
2017-10-09,342.94,1.2201
2017-10-10,355.59,1.218
2017-10-11,354.6,1.23
2017-10-12,355.68,1.22
2017-10-13,355.57,1.21
2017-10-16,350.6,1.2201
2017-10-17,355.75,1.2
2017-10-18,359.65,1.22
2017-10-19,351.81,1.23
2017-10-20,345.1,1.18
2017-10-23,337.02,1.23
2017-10-24,337.34,1.1801
2017-10-25,325.84,1.1999
2017-10-26,326.17,1.19
2017-10-27,320.87,1.1541
2017-10-30,320.08,1.17
2017-10-31,331.53,1.1999
2017-11-01,321.08,1.2
2017-11-02,299.26,1.1776
2017-11-03,306.09,1.1946
2017-11-06,302.78,1.225
2017-11-07,306.05,1.2001
2017-11-08,304.31,1.2105
2017-11-09,302.99,1.19
2017-11-10,302.99,1.23
